product_id,title,brand,color
B07C4S77WS,"Waterproof Dry Bag-10L/20L/30L Roll Top Compression Sack with shoulder straps and Front Zippered Pocket Keeps Gear Dry for Boating, Camping, Kayaking, Fishing,Swimming and Hiking Black/20L",HASLE OUTFITTERS,
B07D8G7BW9,"Black party favor Panther mask for birthday, REUSABLE, Pack of 10 by 44Cloverdale",Keklle BrillyLight OSKIDE,Black
B07C5YV4WT,Women Travel Wallet for Women RFID Blocking Wallet,Apadi,Blue Sky
B0136DWRNU,"Hanchen Liquid Filling Machine Automatic Bottle Filler 1-135 Fl Oz Digital Liquid Filler Cosmetic Oil Filling Machine for MCT Oil, Milk, Beverage, Water, Juice, Essential Oil 2 Heads Diaphragm Pump",Hanchen,
B00EXBSLBC,Amsoil Signature Series 5W-30 Synthetic Motor Oil 1-gal,Amsoil,
B072J3KNKP,"The Big Black Metal Box (BBB Edition) | Case is Compatible with Magic The Gathering, MTG, All Standard Card Games (Game Not Included) | Includes 8 Dividers | Fits up to 2500 Loose Unsleeved Cards",CardKingPro,The Big Black Metal Box
B07874KYZ2,"Cool Toner Compatible Toner Cartridge Replacement for HP 305A 305X CE410X CE411A CE412A CE413A for HP Laserjet Pro 400 Toner Laserjet M451dn M451nw MFP M475dn, LaserJet Pro MFP M476nw M476dn M476dw",Cool Toner,Black Cyan Magenta Yellow
B00BT5553C,"Aviditi 38378 M643 Corrugated Mailer, 6"" Length x 4"" Width x 3"" Height, Oyster White (Bundle of 50)",Aviditi,Oyster White
B07V7X98TH,CUPSHE Women's Tassel Long Kimono Cardigans Beach Swimsuit Bikini Cover Up White,CUPSHE,White
B07C1VP88H,"ROOFULL External CD DVD Drive USB 3.0 Type-C Portable DVD/CD ROM +/-RW Burner Optical Drive Player Reader Writer for Mac MacBook Pro/ Air, iMac, Windows 11/10/8/7 Laptop Desktop Computer",ROOFULL,Black
B0711V1SBT,"Tommy Hilfiger Men's Casual Sport Stainless Steel Quartz Watch with Leather Strap, Black, 22 (Model: 1791396)",Tommy Hilfiger,Black
B07RJHKR1T,"MJKJ Retro Game Console , 4K HDMI TV Output Video Game Console Built-in 843 Classic Game Console with 2PCS Joystick - Black",MJKJ,Black
B00PQA1P7G,"SAFAVIEH Dallas Shag Collection SGD257F Trellis Non-Shedding Living Room Bedroom Dining Room Entryway Plush 1.5-inch Thick Area Rug, 3' x 5', Ivory / Grey",Safavieh,Ivory / Grey
1401224156,Absolute Justice,DC Comics,
B010ITATZI,Return to Thebes: Sequel to A God Against the Gods,,
B07J3X2R42,Aproca Hard Travel Storage Case for Polaroid Originals 9030/3028/9027/9003/9008/9009/9016 OneStep 2 Instant Film Camera (Black),Aproca,Black
B07S6SPNKB,"Hydrant Hydrate Lime 30 Stick Packs, Electrolyte Powder Rapid Hydration Mix, Hydration Powder Packets Drink Mix, Helps Rehydrate Better Than Water",HYDRANT,
B089FMVBQ6,"GDM Motorcycle Helmet Bluetooth Ghost (Medium, Tinted & Clear Shields)",GDM,Tinted & Clear Shields
B07GDXZSSD,"HP Probook 11-G2 11.6"" HD Touch-Screen Business Laptop, Intel Pentium 4405U (2.1GHz), 8GB Memory, 128GB SSD Storage, Intel HD Graphics 510, Windows 10 Pro - Gray",HP,Gray
B00OSWW0V8,Window Scraper-3Pack,Stanley,
B072WCZQ4V,"Friends Forever Interactive Laser Cat Toy - Automatic Rotating Laser Pointer for Cool Cats, Electronic Toys for Stimulating Exercise, Battery Powered Auto Lazer, 3 Speed Mode, Blue",Friends Forever,blue
B07SQGQ6K8,Sing Like the Battle Is Over,,
B06XXWGQM4,"Fintie Keyboard Case for iPad 9.7 2018/2017 / iPad Air 2 / iPad Air - Slim Shell Stand Cover w/Magnetically Detachable Wireless Bluetooth Keyboard for iPad 6th / 5th Gen, Black",Fintie,Black
B082PM5GYJ,"FOCUSPET Dog Cone Collar for Surgery, Pet Recovery Collar for After Surgery, Dogs & Cats Soft X-Large Size (18.5-22.5inches) Recovery Collar Protective Collar for Large Dogs Wound Healing",FOCUSPET,
B082SC2ZD9,"Lmeison School Backpack for Teen Boy Girl, Anime Luminous Backpack Waterproof Student Bookbag with USB Charging Port&Lock &Pencil Case, 15.6'' Laptop Bag Anti-theft Lightweight Travel Daypack, Grey",Lmeison,Gray
B088BHRCG4,"Kids Bike Helmet, CE Certification, Adjustable, Impact Resistance Ventilation Skateboard Cycling Helmet (Black)",LASSAJESS,black
B08T7PYLM2,"Reading Glasses for Men, 1.25 Blue Light Blocking Reading Glasses Metal Readers",Lcbestbro,3 Pack(gun/Black/Brown)
B01EYJY1H0,"Signature Design by Ashley Leahlyn Traditional 2 Drawer Nightstand, Warm Brown, 25""W x 16""D x 28""H (B526-92)",Signature Design by Ashley,Warm Brown
B07QR7P5HW,30 Pcs/Set LED Light Bar Decal Sticker for Playstation 4 PS4 PS4 Slim PS4 Pro Remote Controller Skins,THE MIMI'S,
B01M65DCZW,The Fat Quarter Gypsy Pet Pop-Ups Pattern,The Fat Quarter Gypsy,
B07TCSZTX5,"16 Pcs Boho Headbands for Women, EAONE Fashion Headbands Floral Bandeau Head bands Elastic Hair Bands Criss Cross Twisted Head Wrap Gifts for Women, Mom On Christmas/Birthday",EAONE,Multi-colored
B07YYYDF55,"COSYWORLD 2 Pack Flea and Tick Collar for Cats - 100% Natural Essential Oil Flea & Tick Prevention - Adjustable, Safe & Waterproof Flea Control Collar",COSYWORLD,2pack
B006FKB4GS,Reebok T.J Oshie St. Louis Blues NHL Youth Navy Blue Official Replica Alternate 3rd Jersey (L),Reebok,Navy Blue
B07T9XSTSC,Honbay 3PCS Small Portable Tea Tin Cans Boxes Canisters Containers for Coffee Tea Candy Chinese Wolfberry,Honbay,"black, beige and gold"
B091HZVG96,"happhom Tabletop Ironing Board with Folding Legs, Portable Mini Ironing Board with Extra Thick Heavy Duty Padded Cotton Cover, Countertop Ironing Board for Small Spaces, Laundry Rooms and Dorms",happhom,Ironing Board
B01LAQOFBC,Snowbeast,,
B07WMQ59LY,"XFYELE Silicone Soft Rubber 22mm Quick Release Replacement Watch Band Compatible with Samsung/Huawei/Ticwatch/Garmin/Moto for Men and Women (Pink Sand, 22mm)",XFYELE,Pink Sand
B07PCHS4CB,Jieson Kitchen Storage Jar - Sealing Food Preservation Plastic Fresh Container - Big and Small Airtight Food Candy Jar for Pantry with Waterproof Fresh Sealed Lid (C),Jieson,
B07622F46G,"I Stand for The Flag I Kneel for The Cross Americana/American Pride Men's Graphic T-Shirt, Black, Medium",Wild Bobby,Black
B07V8HCBRG,Dentek Kids Fun Flossers with Advanced Fluoride Coating | Pack of 144 | 3 Count Trial & Travel Size,DenTek,
B088BMLKF1,Beginning,,
B018FM03CO,Keana Nadeshiko Rice Mask 10 Pieces Japan,Keana Nadeshiko,
B07DPKDVWK,"Mixing Bowls with Airtight Lids, Wildone Stainless Steel Nesting Mixing Bowls Set of 5, with Non-slip Silicone Bottoms, Size 8, 5, 3, 2, 1.5 QT, Stackable Design, Great for Mixing and Prepping",Wildone,Silver
B001PTHKPI,Minn Kota 1854107 MKA-43 Transom Mount Trolling Motor Telescopic Extension Handle (17-25 Inch),Minn Kota,
B011AZH09C,"TruSkin Eye Gel Advanced Formula, Plant Based with Hyaluronic Acid and Vitamin E",TruSkin Naturals,
B01MQIXNH3,"PUCKWAY Offset Cake Icing Spatula Set of 4- Professional Stainless Steel Cake Decorating Frosting Spatulas, 4""-6""-8""-10"" Flexible Resistant Blade, Wooden Handle For Easy Grip",PUCKWAY,
B01FEA24L8,"Custom Engraved Name Tag Badges – Personalized Identification with Pin or Magnetic Backing, 1 Inch x 3 Inches, European Gold/Black",Providence Engraving,European Gold / Black
B07N9M9FX4,"Moto G7 – Unlocked – 64 GB – Ceramic Black (US Warranty) - Verizon, AT&T, T-Mobile, Sprint, Boost, Cricket, & Metro",Motorola,Black
B07G291N87,MakeMeChic Women's Long Sleeve Fuzzy Chunky Knitted Pullover Jumper Sweater Grey One Size,MakeMeChic,Grey
B074FGCWMC,Hellraiser Omnibus Vol. 1,,
B07V1Y53KY,CLIPPER Lighter POP Mushrooms 2 Cover Lighter,Clipper,Black
B07BJM3QTR,Next Level 1533 Ideal Racerback Tank Black Small,NEXT LEVEL APPAREL,Black
B071NNRZTG,"BOLSIUS Set of 12 White Pillar Candles - 2.75-x 5-inch Unscented Candle Set - Dripless Clean Burning Smokeless Dinner Candle - Perfect for Wedding Candles, Parties and Special Occasions",BOLSIUS,White
B07PVFZ14S,iLUGU Mature Mini Dress for Women Short Sleeve Round Collar Button Denim Plus Size Korean Ready Dinner Sexy Evening,iLUGU,Dark Blue
B08TT75ZX2,"LED Under Cabinet Lighting, LEASTYLE Rechargeable Wireless Puck Lights Closet Light with Remote, Under Counter Lighting 3 Pack Bookshelf Light Stick On Lights",LEASTYLE,"Rgb (Red, Green, Blue)"
B075NKPM28,Victorian Vintage Alice in Wonderland John Tenniel Illustrations Collage Sheet #105,Paper Moon Media,
B07N6MRWXW,Plantronics CS510 Wireless Headset System Bundle,Plantronics,1-Pack
1707865051,"Chakra Healing: The Ultimate Practical Guide to Open, Balance& Unblock Your Chakras and Open Your Third Eye Using Self-Healing Techniques That Help You Awaken",,
B0773C9S25,"Pandolah Halloween Sexy Lingerie Fashion Lace up Vintage Gothic Victorian Corset Bustier Prom Skirt (Black&Purple, US Size 2-4 (S))",Pandolah,A-black&purple
B00MKLI47I,Mis Nopales Darth Vader - Death Star - Weather Proof Die Cut Vinyl Day of The Dead Sticker,Mis Nopales,Multicolor
B083765W42,"Bendy and the Ink Machine Shirt - Official Bendy T-Shirt - Bendy Dark Revival Boys T-Shirt (Black Group, Medium)",Bendy and the Ink Machine,Black Group
B08RZ42PJB,"Wireless Fast Phone Charging Plate, Vehicle Inner Central Box Charger Accessory with 2 USB Ports, Compatible with Volvo XC90 XC60 S90 S60 V90 V60",GANGMU TEC,
B07X1ZLVK5,Lily Bloom Kathryn Hobo Bag (Flock Together),Lily Bloom,Flock Together
B09G3CS8P6,Reusable Pennis Sleeves Girth for Men Extender Enlarger Extension EG-Y Cook Enhancer Ball Stretch Sleeve-Transparent,ZDUWD,
B074TDSS2L,"Arshiner Kids Girls Classic Long Sleeve Leotard Dance Ballet Dress, Black, 130(Age for 4-5Y)",Arshiner,Black
0061724947,The Perennial Philosophy,Harper Perennial,
B00LLTGOMM,Mary Kay Medium-Coverage Bronze 708 Foundation,Mary Kay,Beige
B07MQ5HJS2,"ZAFUL Women's Tie Knot Front Spaghetti Strap High Cut Bikini Set Swimsuit (Bright Yellow, S)",DEZZAL,Bright Yellow
B00N1XC948,OtterBox COMMUTER SERIES iPhone 6/6s Case - Retail Packaging - GLACIER (WHITE/GUNMETAL GREY),OtterBox,GLACIER (WHITE/GUNMETAL GREY)
B07TQG1F6N,"Jockey Men's Underwear Elance String Bikini - 2 Pack, Navy & Cerise Red Joy Stripe, S",Jockey,Navy & Cerise Red Joy Stripe
B07ZV3N4P1,"Rust-Oleum 328395 American Accents Spray Paint, 12 Ounce (Pack of 1), High Gloss Strawberry Fields",Rust-Oleum,High Gloss Strawberry Fields
B08CBPRFS9,The Little Prince Strategy For Authentic Happiness: A practical guide to break free to joy by the hand of your own Little Prince,,
B0863CGZ6Y,"RenFox Kids Musical Keyboard Piano Mat, Electronic Music Play Blanket Dance Mat with 8 Different Animal Sound for Early Learning Education Toys Gift for Toddler Baby Boys Girls (Batteries Included)",RenFox,
B07PNQNJGL,Subaru Hat Genuine Never Stop Exploring Cap Ascent Impreza STI WRX Forester Legacy Outback Crosstrek BRZ,Subaru,
B07D6X9P3J,ShiKai Tea Tree Shampoo & Conditioner Set - Rich in Tea Tree and Peppermint Oils | 24 oz,ShiKai,
B074T7XHS8,"4.0 Cu. Ft. Ported/Vented MDF Sub Woofer Enclosure Box [Black] for Car Subwoofer(s) (4.0 ft^3 @ 32Hz) | Premium MDF Construction | Made in U.S.A. (Single 15"" Round)",MSW Enclosures,
B07QG5NFFQ,"2019 HP 14, 14"" HD Thin & Light Flagship Laptop Computer, 7th Gen Intel Core i3-7100U 2.40GHz, 4GB DDR4 RAM, 128GB SSD, WiFi, Bluetooth, USB 3.1 Type-C, HDMI, Stereo Speakers, Windows 10",HP,
B018RHMY1U,Playzone-fit Twist N Spin Ride-On,Playzone-fit,Blue
B01MD0TMIA,"Mineral Blush - Natural Minerals/Powder Blend for Radiant Glow and Supplement - Magic Finish Formula for Face, Cheeks and Palette. By Jill Kirsh Color, Hollywood's Guru of Hue (Pink Slipper)",Jill Kirsh Color,Pink Slipper
B004MUTF7S,"Charm Bracelet for Fertility & Healthy Pregnancy on Khaki & Pink Macramé Bracelet with Sterling Silver Coin Amulet - Jewelry Gift for Expecting Mom - 7"" Length",MIZZE Made for Luck,
B07YL82RF2,"Therm-a-Rest Basecamp Self-Inflating Foam Camping Pad, WingLock Valve, Regular - 20 x 72 Inches",Therm-a-Rest,Poseidon Blue
B01F7T76W8,BORN - Womens - Sylvia,BORN,Rust
B0848XWKDY,"Skin Fashion Tape- Made in The USA - 36 Clear Double-Sided 1/2"" x 3"" Adhesive Strips of Body Tape",Active Trade,Transparent
B08Y9642CV,Car Cup Holder Trash Can Small Mini Trash Can Car Office Household Trash Can (Black),TRASGO,Black
B07SDD4JNK,"Lacoste Men's Essentials 3 Pack 100% Cotton Slim Fit V-Neck T-Shirts, black, L",Lacoste,Black
B01ATRCEJ8,American Linen (Ten) 10 Pack Pot Holders 6.5 Square Solid Color Everday Quality Kitchen Cooking Chef Linens (Multi Color),American Linen,
B00C7RD6NW,Ladies' Night,,
B07L4Z3334,"WOWMAZING Giant Bubble Powder Kit: Include Large Bubble Wand and 3 Packet of Big Bubble Powder (Makes 3 Gallons) | Outdoor Toy for Kids, Boys, Girls | Powder Made in USA",WOWMAZING,
B00LDR1WI8,"(2 Pack) Rimmel London Stay Glossy Lip Gloss, Always Lovely, 0.18 Fl Oz",Rimmel,
B01GTS216M,EAST WEST FURNITURE 9 PC Dining room set-Dining Table with 8 Wooden Dining Chairs,East West Furniture,Black
B078QPMHTZ,"Camera Hand Strap, Sugelary Safety Camera Wrist Strap for Canon Nikon Sony DSLR Mirrorless Camera",Sugelary,Camera Hand Strap
B07PY5ZCVN,Clear Hair Dye Coloring Brushes 12 Pcs Hair Color Dyeing Applicator Kit Salon Hair Tint DIY Brush Tool,Tbestmax,Clear
B07S2N73TY,Radar RA1 Commercial Truck Tire - 11R22.5 H 16ply,Radar,
B083DHKJS5,"TOPDesign 1 | 3 | 6 | 30 Pack Stylish Canvas Tote Bag with an External Pocket, Top Zipper Closure, Daily Essentials (Black/Natural Pack of 1)",TOPDesign,Black/Natural
B07L1PX5CK,"Clairol Natural Instincts Semi-Permanent Hair Dye, 6 Light Brown Hair Color, 3 Count",Clairol,6 Light Brown
B00KPX7M9Y,3M 1080 G217 GLOSS DEEP BLUE METALLIC 5ft x 1ft (5 sq/ft) Car Wrap Vinyl Film,3M,Deep Blue Metallic
B06XRX33Z4,"TREAT Jumbo Lip Balm - Mocha, Organic & Cruelty Free (.50 OZ)",Treat,
B002KSH846,Ultimate Chess Computer Software Game,,
B074RC92TH,YIQIFLY 40pcs Jewelry Making Charms Rhinesotone Beads Assorted Colors and Styles Randomly (01),YIQIFLY,01
B07RY1MR1V,"Women's Cushionaire Luna Cork footbed Sandal with +Comfort, White,8.5",CUSHIONAIRE,White
B01N94CORT,Allegedly,,
B01K9DSD2Y,"NIUBEE 8x10 Acrylic Picture Frame, Double Sided Magnetic Photo Frames with Gift Box Package",NIUBEE,Clear
B01CVZDGR0,"Champion Men's Cotton Long Sleeve Tee, Team Red Scarlet/Patriotic Script, Large",Champion,Team Red Scarlet/Patriotic Script
B07THZCC2W,Sega KonoSuba: God's Blessing on This Wonderful World! the Movie: Legend of Crimson: Yunyun Premium Figure,SEGA,
B07DLN3G9L,"Mizuno GXF90B3 Franchise Series Baseball First Base Mitts, 12.5"", Left Hand",Mizuno,Right Hand: Coffee-Silver (R883)
B077TR4753,Disney Frozen Classic Fashion Elsa,Avengers,
B07VTK2W6S,"Sweet Home Collection Chair Cushion Memory Foam Pads Tufted Slip Non Skid Rubber Back U-Shaped 17"" x 16"" Seat Cover, 6 Pack, Denim Blue",Sweet Home Collection,Denim Blue
B07RBJSN11,JAHOLAN Compatible iPhone XR Case Gold Glitter Sparkle Marble Design Clear Bumper Glossy TPU Soft Rubber Silicone Cover Phone Case for iPhone XR 2018 6.1 inch Purple,JAHOLAN,Purple
B076LKTS5N,Ultra Game NBA Men's Soft Fleece Hoodie Sweatshirt,Ultra Game,Heather Gray
B07CH1417G,"TomCare Cube Storage 9-Cube Closet Organizer Shelves Plastic Storage Cube Organizer DIY Closet Organizer Storage Cabinet Modular Book Shelf Shelving for Bedroom Living Room Office, Black",TomCare,Black
B07NWXT4M5,Anatomical Heart Flower Print - Vintage Art - Authentic Upcycled Dictionary Art Print - Home or Office Decor - Inspirational And Motivational Quote Art,Local Vintage Prints,
B01BFJDTW0,Riverstone Audio - Tested/Matched Pair (2 Tubes) 7-Pin GE JAN 5654W Fully-Tested Vacuum Tubes - Upgrade for 6AK5 / 6J1 / 6J1P / EF95 - JAN 5654W Platinum Grade Pair,Riverstone Audio,
B07QLXTQJF,"Kidz Xplore Outdoor Explorer Set - Bug Catching Kit Nature Exploration Children Outdoor Games Mini Binoculars Kids, Compass, Whistle, Magnifying Glass, Adventure, Hunting, Hiking Educational Toy",Kidz Xplore,Yellow
B01L5SDPI4,"Cucumber Melon Fragrance Oil (Our Version of the Brand Name) (16 oz Bottle) for Candle Making, Soap Making, Tart Making, Room Sprays, Lotions, Car Fresheners, Slime, Bath Bombs, Warmers…",Virginia Candle Supply,
B00LJTBQ2W,"Touch of Nature Foam Mushroom, 8.5-Inch, Gray",Touch of Nature,Blue
B08BL17XC4,Pikachu Ipad 7th Generation 10.2 Inch Slim Flexible Pu Protective Smart Cover with Auto Sleep,MXTZiHHH,"IPad 7th 10.2"""
B004DQWIIO,"OPI Plumping Top Coat, Volumizing Nail Polish Top Coat, 0.5 fl oz",OPI,"Plumping, Volumizing Top Coat"
B00L7BFIVW,UPBRIGHT New USB Power Charging Cable Cord Lead for ONN M2 M5 M6 M3 Android WI-FI Tablet PC,UPBRIGHT,
B002YL5ZSU,"NORPRO Funnel Pitcher, 3.5-Cup",Norpro,White
B07S7CQ6P8,"SANNO Large Expandable Dish Drying Rack with Utensil Cutlery Holder Sink Dish Rack, Deep Large Dish Drainer Dish Rack in Sink On Counter, Stainless Steel",SANNO,Stainless
B08CDTG4M1,MAYZERO Water Shoes Men Women Swim Surf Shoes Beach Pool Shoes Wide Toe Hiking Aqua Shoes Winter House Slippers,MAYZERO,I Grey
B07CTFFDK7,"Scenuerdo Perfume Rope Bracelets for Gifts | Korean Style, Scent, Diffuser, Essential Oil | Available for Men and Women (White)",Scenuerdo,
B07GKZYN7H,Efulgenz Indian Faux Pearl Necklace Jewelry Set CZ Cubic Zirconia Multi Layered Strand Beaded Choker Necklace Earrings Jewelry Set,Efulgenz,Pink
194755607X,Sterling Test Prep DAT General Chemistry Practice Questions: High Yield DAT General Chemistry Questions,,
B07L45PXR5,JOYIN 10 in 1 Die-cast Military Truck Army Vehicle Mini Battle Car Toy Set in Carrier Truck,JOYIN,
B094QW47JN,"ONEST 10 Pieces Fidget Bean Peanut Toy, Squeeze-a-Bean Edamame Keychain Keyring Extrusion Bean Pea Soybean Stress Relieving Chain Toy Peanut Beans Anti Stress Toy",ONEST,
B00UKW0ZI0,"Andaz Press Chocolate Drop Labels Trio, Fits Kisses, Wedding Bridal Shower, Kiwi Green, 216-Pack",Andaz Press,Kiwi Green
B07HLZ1CKZ,"LabsMen 2-in-1 Horny Goat Weed Extract with Epimedium (13mg Icariin), Maca, Tribulus Terrestris, L Arginine & Panax Ginseng Testosterone Booster for Men | Enhance Stamina, Performance & Libido (1)",LABSMEN,
B00BD5G9VA,"Bosch ROS20VSC Palm Sander - 2.5 Amp 5 Inches Corded Variable Speed Random Orbital Sander/Polisher Kit with Dust Collector and Soft Carrying Bag, Blue",BOSCH,Blue
B07MG81CVD,Mega Construx Masters of the Universe Battle for Eternia Collection,,
B08FF2C6T1,Bush Furniture Kathy Ireland Home River Brook Full/Queen Size Headboard,Bush Furniture,Barnwood
0375702245,The Idiot (Vintage Classics),Vintage,Multicolor
B085WTTMSX,"VGYRT TSHIRT Clịtorisl Stịmulation Sụcking Tọngue Rechạrgable - Ðịldo Sụction Cụp - Tọy G Vibrạntors Clịtorial Womẹn, Waterprọof Ịn",VGYRT TSHIRT,
B072KL867X,"Aquatalia Women's FIRE Perforated Suede Ankle Boot, Grey, 5 M M US",Aquatalia,Grey
B07YN9FZNQ,Contixo 4K GPS Quadcopter Drone with HD FPV Camera Live Video for Adults with Custom Case & 2 Batteries,Contixo,BLACK
0440245982,Persuader (Jack Reacher),Dell,Multicolor
B07V2653PB,"PAYA Shampoo Bottle & Soap Travel Amenity Kit, clear vinyl bag with black sewn trim & black zipper",Paya,
B08XBXJY24,"FirstE Adjustable Weight Bench, Foldable Strength Training Benches Press for Full Body Workout,Incline Decline Exercise Flat Fitness Bench for Home Gym, 550 lbs Capacity, 9+4+2 Positions Adjustable",FirstE,Black
B07HJ547JC,"Berkley Powerbait Mantis Bug Fishing Bait, 4"", 8Count, South African Special, Mantis Bug",Berkley,South African Special
B017NT1U40,"Disney Boys' Toddler Mickey Mouse Potty Training Pants Multipack, MickeyTraining3pk, 2T",Disney,Mickeytraining3pk
B07MQC3S9B,"Olight PL-Mini 2 Valkyrie 600 Lumens CW LED Tactical Flashlight Magnetic Rechargeable with Adjustable Rail,Powered by a Built-in Polymer Battery, with SKYBEN Battery Case(Black)",OLIGHT,Black
B07Z51F88T,FUNRUN JEWELRY Wedding Bridal Necklace Earring Jewelry Set for Women Vintage Statement Necklace Teardrop Dangle Earring for Bridesmaid Evening Party Prom,FUNRUN JEWELRY,
B01DGX1GD2,The Last Ridge: The 10th Mountain Division,,
B089DZQ4KJ,Latoshachase Men T-Shirt Elvis Costello This Year's Model Cotton Short Sleeves T Shirts 3XL Gift Black,Latoshachase,
B017AW0GHW,"ROVKING Sport Headphones Wired Sweatproof, Over Ear Earbuds for Running Gym Workout Exercise Jogging, Stereo in Ear Earphones w Mic, Noise Isolating Earhook Ear Buds for Cell Phone MP3 Laptop Black",Rovking,Black
B07ZJ3CY9T,"Stickers for Water Bottle 50pcs, Small VSCO Cute Vinyl Waterproof Trendy Sticker for Teen Girl, Fashion Decal for Laptop Phone Travel Case Skateboard (Black and White)",YONGAI,
B07Y9YQ72V,Camouflage Hunting Gloves Full Finger/Fingerless Gloves Pro Anti-Slip Camo Glove Archery Accessories Hunting Outdoors (M) (L) (L),EAmber,
B07TTXZL24,Newport Series Home Office Computer Writing Desk with Fully Extended Drawer | Laptop PC Workstation with USB Hub | Sturdy and Stylish | Easy Assembly| Smoke Oak Wood Look Accent Living Room Furniture,Caffoz,Smoke Oak
B094Y8LPG9,AENEY Fall Pillow Covers 18x18 inch Set of 4 Pumpkin Maple Leaf Harvest Outdoor Fall Pillows Decorative Throw Pillows Farmhouse Thanksgiving Autumn Cushion Case for Couch A383-18,AENEY,Orange
B07HMVBHNH,"New Balance Women's FuelCore Nergize Slip-On V1 Sneaker, Black/White, 7.5 M US",New Balance,Black/White
B002JGWYRA,"Jonathan Green 10315 Black Beauty Grass Seed Mix, 25-Pound",Jonathan Green,
B07S6T7QTQ,SheIn Women's V Neck Spaghetti Strap Lace Back Tie Embroidery Tiered Seam Dress Large Pink,SheIn,Pink
B07WZCHS4C,SEASUM Women Workout Crop Top Seamless Shirt Athletic Long Sleeve Fitness Tight Tee M,SEASUM,#B Dot Contour Light Purple
B099H67K28,"The Dreidel Company Halloween Coil Spring, Jack-O-Lantern Circle Shaped Coils, Neon Colors Magic Spring Toy, Party Favor for Kids, 1.4"" (35mm) (12-Pack)",The Dreidel Company,
B081N13JQY,"INFANZIA Baby Head Support,Newbron Infant Soft Neck Body Support Pillow for Car Seat,Stroller,Birth and Up",INFANZIA,Gray
B01NCE6H1P,"Revival Animal Health Vet Basics Lime Sulfur Dip- Concentrated Solution- for Dogs, Cats & Horses- 16oz (3 pk)",Revival Animal Health,
B08FHYW7WW,MakeMeChic Women's Zip Up Drop Shoulder Long Sleeve Cow Printed Jacket Black and White S,MakeMeChic,Black and White
B008NBQGEC,Digitech Whammy 5 Multi-Effects Pedal Bundle with 2 Cables and Power Supply,DigiTech,Red
B06XQWL5M8,"Stuffed Animal Storage Bean Bag Chair Cover ❤️ “SOFT ’n SNUGGLY” Corduroy Kids & Toddlers Prefer Over Canvas - Replace Plush Toy Hammock or Net - Store Blankets & Pillows Too - Large, 4 Colors",BabyKeeps,Grey
B06Y6BX6HT,"FASTSNAIL Grips Compatible with Nintendo Switch for Joy Con & OLED Model for Joycon, Wear-Resistant Handle Kit Compatible with Joy Cons Controllers, 2 Pack(Blue and Red)",FASTSNAIL,Red and Blue
B096KZ3L8K,"PREVAIL FENIX George Not Found - Gnf Merch George Not Found Red Box Pullover, T - Shirt, Hoodie, Long slevve, Sweashirt, Blue, 4",PREVAIL FENIX,Blue
B07W4Z8SGC,"A-Focus Compatible with iPhone 8 Case Rose, iPhone SE 2 Case, iPhone 7 Case Floral Frosted IMD Design Series Flexible Slim Fit TPU Silicone Case for iPhone SE / 8/7 4.7 inch Matte Flower Purple",A-Focus,flower purple
B002Q9Z4IQ,"Scunci Effortless Beauty Skinny Plastic Headbands, Assorted Colors, 4-Count",Scunci,"Scunci Effortless Beauty Skinny Plastic Headbands, Assorted Colors, 4-Count"
B082YMZKHV,"Padete Little Girl Princess Dress Snow Party Queen Halloween Costume Blue with Accessories (8 Years, Blue LS with Accessories)",Padete,Blue Ls With Accessories
B079CCM15R,Blondie Footlight Glamour,,
B00O9OO0L8,"ATTITUDE Baby Laundry Detergent, Hypoallergenic, Dye-Free, ECOLOGO Certified, Pear Nectar, 35.5 Fluid Ounce, 35 Loads",ATTITUDE,
B07KD5RWS6,"Huffy 6V Kids Electric Battery-Powered Ride-On Motorcycle Bike Toy w/Training Wheels, Engine Sounds, Charger - Pink, 17078P",Huffy,Pink
B076PVL39M,Pandora's Box,TeamHaffey,
B08394HSBD,MCombo Exacme 10x30 Feet Outdoor Canopy Tent Wedding Party Waterproof Gazebo Pavilion with Removable Sidewalls 6053,MCombo,White
B07WHJFP2V,We Scream for Ice Cream Party Bundle - Ice Cream Cookie Toppings and Ghirardelli Syrup Variety Pack with Plastic (Pack of 4) Ice Cream Dessert Bowls and Spoons - Make Ice Cream Sundae Cups,Quality Brands,
B01H2S0UPC,Creed Aventus Eau de Perfume for Him/Men Spray 5ml Atomizer Decanted Lot C4215U11 by Creed Aventus,CREED,
B07VS56S5C,"Well Woven Bergen Beige Flat-Weave Hi-Low Pile Geometric Stripes Moroccan Tribal Area Rug 5x7 (5'3"" x 7'3"")",Well Woven,Beige Stripes
B07WRZ9JPX,"iPhone 11 Case, iPhone 11 Wallet Case, Fingic Rose Gold Marble PU Leather Wallet Case 2 ID & Credit Cards Slots Holder Side Pocket Kickstand Feature Flip Case Cover for Apple iPhone 11/ XI 6.1"" (2019)",Fingic,Rose Gold Marble
B00LPR1CM2,Moroccanoil Smoothing Shampoo,Moroccanoil,Fragrance Originale
B07BH5SFK9,Chair Yoga Vol. 1 with Shannon Basham,,
B000R82KGM,Delta 498000 Liquid Transfer Tank,Delta,"Ready,White"
B07ZDM1HGZ,"A+ Lawn Tractor Leaf Bag, Fits All Lawn Tractors",A+,
B07XYXN787,"Kristin Paradise 30Ct Winter Wonderland Hanging Swirl Decorations, Holiday Snowflake Party Supplies, Snow Birthday Theme Decor for Boy Girl Baby Shower, Holiday Snowman First 1st Bday Favors",Kristin Paradise,
B077Y7RVCG,"Royal Canin German Shepherd Loaf in Sauce Canned Dog Food, 13.5 oz can",Royal Canin,
B07SNRZBLL,Energizer A23 12 Volt Photo/Garage Door Opener/Electronic Keychain Battery (2 Pack),Energizer,
1726634973,SEO Fitness Workbook: The Seven Steps to Search Engine Optimization,,
B087D97N58,ArtCreativity Pink and Purple Bubble Lawn Mower for Toddlers | Electronic Bubble Blower Machine | Fun Bubbles Blowing Push Toys for Kids | Bubble Solution Included | Birthday Gift for Girls,ArtCreativity,
B01JHK9ZLI,"Kelty Women's Coyote 60 Backpack, Dark Shadow",Kelty,Dark Shadow
B079MC7BGG,"Womens and Mens Kids Water Shoes Barefoot Quick-Dry Aqua Socks for Beach Swim Surf Yoga Exercise (TW.Black, M)",WateLves,Tw.black
B07S5YN7W6,FAELBATY Blond Wig Short Bob Wigs With Air Bangs Shoulder Length Women's Wig Curly Wavy Synthetic Cosplay Wig for Girl Costume Wigs Mix Khaki Blonde Gold color,FAELBATY,mix khaki/light yellow
B086WQRWSX,Warren Miller's Timeless,,
B09795ZMQP,"Women's Sheer Lace Bralette Sexy Spaghetti Strap Unlined V-Neck Bra Full Coverage Non-Padded Underwire Bralettes (Black,Large)",Generic,Black
B00DU20HGC,"H2H Mens active fashion sleeveless hoodie zip-up vest blue asia XL, US L",H2H,Jnsk31-blue
B07YKDV1W4,PBRO Google Pixel 3A Case/Google Pixel 3 Lite Case Cute Astronaut Case Dual Layer Hybrid Anti-Slip Sturdy Case Rugged Shockproof Case for Pixel 3A/3 Lite(2019) Generation Space/Black,PBRO,Black Space
B08P291T3B,Unexpected Challenges (Luke Brothers Book 3),,
B07QG8PFQN,"CHHKON Sofa Cover 100% Waterproof Non-Slip Quilted Furniture Protector Sofa Slipcover for Children, Pets for Leather Couch (Chocolate, 68"")",CHHKON,Chocolate
B01CH4GM1M,Goal Setting Fundraising Donation Thermometer - 11x48- Dry Erase Reusable Paper Poster - Fundraiser Milestone Company Goals Chart - Office Wall Temperature Posters Charts (Grey),Lushleaf Designs,Adhesive Decal (Grey)
B0848KJMGW,"Jonathan Adler: Now House Mint Terrazzo Duo Bowl Medium | Dishwasher Safe, Easy to Clean Dog Bowl with Anti-Skid Lid | Dual Functionality Bowl for Dogs for Storage or Travel",Now House for Pets by Jonathan Adler,Terrazzo
B07W8MZFTJ,Birthday gifts for brother No Better Friend than A Brother No Better Brother than You Friendship Keychain for Men Friend from Sister,TANWIH,Silver
B00502YG1W,"Gamma Ballhopper Premium EZ Tennis Travel Cart 150 & EZ Ball Basket – Portable & Compact Tennis Court Accessory, Sturdy & Lightweight Design, Foldable Cart, Holds 150 Balls, Carrying Case Included",Gamma Sports,EZ Basket - Holds 150
B089CRNX9P,"Lee Men's Performance Series Extreme Comfort Cargo Slim Pant, Shadow, 34W x 30L",Lee,Shadow
B07K1P7C2L,YEFFO Waterproof Pouch for Men & Women Dry Bag Water Resistant with Adjustable Waist Strap(2 Pack)-Keep Phone Wallet Safe and Dry - Perfect for Boating Swimming Kayaking Beach Water Parks（Black+Gray）,YEFFO,black&gray
B07D4PTFNG,"FIBERLOCK Shockwave RTU Multipurpose Disinfectant Cleaner, Sanitizer, and Mold Removal for Wood, Tile, Flooring, Equipment Mats - Destroys over 130 Organisms, EPA Registered List N- 8316 - (1 Gallon)",Fiberlock,
B077FFCSLK,"Kraus Forteza 33"" Drop-In/Undermount Granite 50/50 Double Bowl Kitchen Sink - Grey (KGD-52GREY) , Gray",Kraus,Gray
B07CQS2JTW,Smiffy's Mens Ronald McDonald Kreepy Killer Clown Halloween Fancy Dress Costume XL,Smiffys,Red/Yellow
B084GSYMN3,"Apple iPhone 11 Pro [512GB, Silver] + Carrier Subscription [Cricket Wireless]",Apple,Silver
B08QGP2QWR,Granbey 2pcs Galaxy Hipster Cat Throw Pillow Cover Cat Wearing Sunglasses Throw Pillowcase 18 x 18 Inches Soft Cotton Double Print Home Decorative Cushion Cover Suitable for Indoor Outdoor and Car,Granbey,Galaxy Hipster Cat
B00BQPNRFS,"Armani Exchange Men's Stainless Steel Japanese Quartz Dress Watch with Stainless-Steel Strap, Gold, 11 (Model: AX2099)",A|X ARMANI EXCHANGE,Gold/Gold
B07CN2C93T,"InnoGear Mic Stand for Blue Yeti, Heavy Duty Microphone Stand with Microphone Windscreen and Dual Layered Mic Pop Filter Suspension Boom Scissor Arm Stands for Blue Spark and Other Mics, Medium",InnoGear,Black
B082B13F6N,"KIMODE Mandala 4' x 6' Area Rug,Grey Tufting Hand Woven Boho for Living Room,Bohemian Mandala Print Washable Large Throw Rugs for Bedroom/Children Playroom/Patio",KIMODE,Mandala
B073G6RNNR,"Littlearth Unisex-Adult NFL Green Bay Packers Pet Baseball Hat, Team Color, Medium",Littlearth,Team Color
B07FF65KC3,"NUOMI 36Pcs Flower Cupcake Toppers Decorations Kids Birthday Party Food Picks Supplies, Cake Muffin Decorating Toppers Baby Shower Christmas Favors for Boy Girl, Sunflowers",NUOMI,Pink/Blue/Red/Purple/Green/Yellow
B082GZH6W5,"COLICOLY XLR Y-Splitter Cable, 1 Female to 2 Male XLR Y Cable Balanced Microphone Splitter Cord - 1.6ft",COLICOLY,
B010OGDGM8,"No-Rinse Shampoo Cap by Cleanlife Products (Pack of 4), Shampoo and Condition Hair with No Water or Rinsing - Microwaveable, Latex-Free and Alcohol-Free",No-Rinse,
1538705001,"Better, Not Bitter: Living on Purpose in the Pursuit of Racial Justice",Grand Central Publishing,
B07YFCSDN9,"SNOWFOX Elegance Collection Insulated Stainless Steel Beer Glass, 18-ounce Set of 2, Black/Gold",Snowfox,Black/Gold
B0972R3LPS,"LobiLobi Female Urination Device, Reusable Soft Silicone Female Urinal Portable Women Pee Funnel for Standing Peeing, Silicone Funnel Urine Cup for Travel, Camping, Outdoor Activities",LobiLobi,Blue
B08BJW8X41,"[2+3 Pack] LϟK Compatible for Samsung Galaxy Note 20 Ultra 5G 6.9 Inch, 2 Pack TPU Film Screen Protector & 3 Pack Camera Lens Protector, Ultrasonic Fingerprint Supported, Locate Tool Precise Alignment",L K,
B07QPSSBQG,"Kqimi Case for Samsung Galaxy A71 5G, Premium Leather Slim Stylish Soft Grip Shockproof Anti-Scratch Protection Cover Cases for Samsung Galaxy A71 5G (6.7"") 2020 (Gray)",kqimi,Gray
B078MBXC21,"Hot Sale Pants! Auwer Tight Mesh Panels Yoga Pants Stretchy Women's Leggings Gym Fitness Workout Pants+Tops Set (L, Black)",Auwer,Black
B083KMVTVB,4000 Pcs Silk Rose Artificial Petals Supplies Wedding Decorations (Burgundy),COTOSEY,Burgundy
B07DNYYJDB,"Buffalo David Bitton Ladies’ Ankle Length Skinny Pant (12/32, Light Blue)",Buffalo David Bitton,Light Blue
B07S5RY17D,"One Great Fisherman, Best Catch Of His Life Couples Mug - Funny Couple Mug - (2) 11OZ Coffee Mug - Funny Mug Gift Set - Mugs For Husband and Wife - Him And Her Gifts - By AW Fashions",AW Fashions,White
B08CC4HZTZ,"Light Grey Soft Area Rug for Bedroom,5x8,Fluffy Rugs,Shag Carpet for Living Room,Furry Rugs for Girls Boys Room,Shaggy Rug for Kids Baby Room,Plush Rug for Nursery Dorm Room,Large Anti-Slip Rug",,Light Grey
B083DPS5VN,"Car Front Seat Covers, Black Universal Fit Seat Covers for Sedan, Truck, SUV 1 Pair of Cloth Bucket Seat Covers",CAR DRESS,Black
B084DQS5FW,YIWULA 5 Pairs Wispies Eyelashes Mink Lashes Pack -Gracious Makeup Handmade Natural Long False Eyelashes Extension Exquisite,YIWULA,Black
B07FFGNNDD,"rocket & rex Dog Toy Pack, Chew Toys for Small Dogs and Dog Toys for Puppies, Safe & Non-Toxic, for Small to Medium Breeds, Includes Rope Toys, Plush Squeaky Toy, Ball and Tug of War Toy",rocket & rex,
B07Y1WL2RT,"Oklahoma Joe's 4386292R06 Disposable BBQ Gloves, 50-Count, (Pack of 1), Plain",Oklahoma Joe's,Plain
B01MDTU99M,"Kiddo FEEDO Silicone Bibs for Babies and Toddlers - 6 Unique Designs Available - Waterproof, Soft and Easy to Clean - Pink",Kiddo Feedo,Pink
B098QYBLR7,Trust In God Not In Vaccine T-Shirt,Trust In God Not In Vaccine tee,Black
B07FYF1HKV,"Garmin Fenix 5/5S/5X/Plus/6/6S/6X/Pro Charger, Ankky Replacement USB Data Sync Charging Cable Wire 3.3ft for Garmin Fenix 5/5S/5X/Forerunner 935/Quatix 5/Quatix 5 Sapphire/Vivoactive 3 Watch, Black",Ankey,black
B07ZHTC1NQ,Trial of the Century (the Amazing Conroy Book 6),,
B081J85KGY,MotoTec 50cc Demon Kids Gas Dirt Bike 2-Stroke Motorcycle Pit Bike Blue,MotoTec,Blue
B078GJG19L,"Lined Leather Travelers Journal - Wanderings Travelers Notebook, Refillable - Perfect for Writing, Poetry, To Do Lists, Travelers, a Diary. Standard Size Lined Inserts - 8.5""x4.5""",WANDERINGS,Lined
B09D9RBQD1,ASONPAO 139.53879 139.53859 Remote only for a Green Learn Button of Sears Craftsman Garage Door Opener(2Pack),ASONPAO,Brown
B09J2556Y2,LCD Writing Tablet Colorful Toddler Doodle Board Drawing Tablet for Kids Erasable Reusable Electronic Writing Pad Learning Toy 3 4 5 6 7 8 Year Old Girls Boys Toddlers,Noraut,Blue--orange
B07PCT33V9,"Catry Cat Tree with Feather Toy - Cozy Design of Cat Hammock Allure Kitten to Lounge in, Cats Love to Lazily Recline While Playing with Feather Toy and Scratching Post, (Classic Style)",Catry,Beige
B077T25Q6V,"Levi's Women's 501 Button-Fly Shorts, Lunar Black, 30",Levi's,Lunar Black
B00BGRYXAY,"Yakima Bait Flatfish F-2 High Action Plug, 1-Inch, Bleeding Frog",Yakima Bait,Bleeding Frog
0874874270,"I Can Read Music, Vol 2: A note reading book for VIOLIN students",Suzuki Method International,
B005MVB4B6,"Innovative Products Of America 8051 Air Comb 24"" Filter Cleaner",Innovative Products Of America,
B07RD5JK3S,Long Shot,,
B07M9CFJVV,"Kids Sleep Mask, Colorful Unicorn Sleeping Mask Eye Mask for Girls Boys Women, Shinywear Cute Animal Fuzzy Sleep Mask, Funny Plush Eye Mask for Sleeping",Shinywear,Pink
B07M9Z91N6,"GUND Baby Baby Toothpick Plush Stuffed Owl, 12"", Multicolor",GUND,Owl
B074NBQBXH,"Clorox Disinfecting Wipes, Bleach Free Cleaning Wipes - Crisp Lemon, 35 Count",Clorox,
B071WT3Z68,Vionic Women’s Rest Pippa Toepost Sandals – Ladies Leather Knot Flip Flops with Concealed Orthotic Support - Rose Gold 9.5M,Vionic,Rose Gold
B0799NPHGD,"Bluetooth Number Pad, Lekvey Portable Wireless Bluetooth 28-Key Numeric Keypad Keyboard Extensions for Financial Accounting Data Entry for Smartphones, Tablets, Surface Pro, Windows, Laptop and More",Lekvey,Bluetooth - Black
B01M0TMK5N,Ruifan Grade 23 (G23) Titanium CBR Horseshoe Circular Rings for Lip Eyebrow Tongue Nipple Helix Tragus Cartilage Septum Piercing Jewelry 3mm Balls 16G 8mm 2PCS,Ruifan,
B01DT7IZ1G,Fire Truck Engine Pop-Up Play Tent. Playtent House Can be Used Indoors or Outdoors PlayHouse Toys for Kids,Mr. MOTH,Red-147
B01NBXT3B8,"UGG Men's Henrick Loafer, Black, 10 M US",UGG,Black
B085SWLKKP,"iPhone 8 Plus Case,Sunflower Rose Pattern Tempered Glass iPhone 7 Plus Cases for Girls [Anti-Scratch] Four Corners Design Cover Case for iPhone 7/8 Plus Sunflower",DAHAOGUO,Sunflower Rose
B07TXNN9SG,"Collagen Bone Broth Powder, Bone Broth with Grass Fed Collagen Peptides. Unflavoured, Grass Fed, Hydrolyzed Beef, Zero Carb, Dairy Free Protein Powder. 1lb, 32 Servings by Left Coast Performance",Left Coast Performance,
B00ERK0HES,The Gift of Fear: Survival Signals That Protect Us from Violence The Gift of Fear,,
1791388388,"Blank Comic Book Notebook For Kids : Create Your Own Comics, Comic Book Strip Templates For Drawing: Super Hero Comics (Draw Your Own Comic Book For Kids)",,
B081SPT6C1,Pênňís Sleeve Extender Delay Éjá-cúlátion Silicone Pênňís Ring C-lītǒrís S-timùlátiòn Ring for Men-ASFAF235353,ZWFCC,
B005MGESSW,The Mis-Education of the Negro (Oshun Publishing African-American History Series Book 1),,
B07DLHSM8Y,"EasyGo Products Sprayrite 2 Paint Spray Shelter Spray Booth Painting Tent, EGP-TENT-015",EasyGoProducts,Sprayrite-Compact
B07SHV9C1K,"Neleus Men's Compression Shorts with Pockets 3 Pack,6064,Black/Grey/Red,US 2XL,EU 3XL",Neleus,"6064 Black/Grey/Red,3 Pack"
B07PSPL1T7,"Tommy Hilfiger Men's Goah Chukka Boot, Dark Brown Ll, 10",Tommy Hilfiger,Dark Brown Ll
B01BOV5RW4,Hot Wheels 1966 Batman Batboat,Mattel,Multi-colored
B08KTH1JSC,Hush. The Classic Blanket | Original Luxury Weighted Blanket | Oeko-Tex Certified Cotton Material W/Non-Toxic Glass Sand | Duvet Cover Included,Hush.,Cloud
B00FEMI8T4,Sangean PR-D18RD AM/FM/Portable Digital Radio with Protective Bumper (White/Red),Sangean,White/Red
B088D259Q5,"DUODUOGO Tablet 10.1 in 4G LTE, Android 10.0 Pie Tablets with Wireless Keyboard Case and Mouse, 4GB RAM 64GB ROM, Quad Core, 8MP Dual Camera, Dual SIM Support A&TT and T-Mobile, 8000mAh, WiFi-Black",DUODUOGO,Black
B01C45GIAO,"Gaiam Grippy Barre Socks for Extra Grip in Standard or Hot Yoga, Barre, Pilates, Ballet or at Home for Added Balance and Stability, Black/Grey",Gaiam,Black/Grey
B01C5WWGKC,"Airhead Youth Trend Life Vest, Hot Pink/Sky Blue",AIRHEAD,Hot Pink and Sky Blue
B01M186W4M,Orien Jewelry 8mm Black Freshwater Cultured Pearl Necklaces for Women 18 Inch AA Quality,Orien Jewelry,Black
B078S46LHH,"TaylorMade 2018 Noodle Easy Distance Golf Ball, White (Pack of 15),Large",TaylorMade,White
B006Q0TKSQ,"CV Silverado 99-07 Fleetside (07 Classic) / GMC Sierra 99-07 Fleetside (07 Classic) Rear Step Bumper Full Assy Chrome, Come with Bumper Pad, Brackets, License Bulb.",Autosdepo,chrome
B07PSPYYCV,JBL Flip 4 Portable Bluetooth Wireless Speaker Bundle with Protective Travel Case - Red (Renewed),JBL,Red
B07WWFL1VB,"Push-in Glasses Nose Pads,5 Pairs BEHLINE Soft Silicone Eyeglasses Replacement Nose Piece,Anti-Slip Snap-in Nose Bridge Pads Clear Slide on Nose Guards for Eye Glasses Sunglasses(15mm,Tear-Shape)",BEHLINE,
B095K7R5YM,"1500pcs 6mm Flat Round Spacer Beads Disc Loose Jewelry Making Beads for DIY Bracelet Necklace Earring Craft Supplies, Gold & Silver",DECYOOL,Silver & Gold
1503716899,Sesame Street - E is for Elmo! ABCs - My First Look and Find Activity Book - PI Kids,PI KIDS,
B08ZJQQLRX,Set of 14 Bridesmaid Proposal Gifts Set Include 1 Pcs White & 6 Champagne Hair Ties Large Satin Hair Scrunchies 7 Rose Gold Knot Bracelet Bachelorette Party Favors Wedding Bridal Shower Gifts Set (Champagne),COFOZA,Champagne
B00ULR2UV4,"TotalBoat-439901 TotalProtect Epoxy Barrier Coat System (White, Gallon)",TotalBoat,White
B078XYFG18,"Cuties Complete Care Baby Diapers, Size 5, 152 Count",Cuties,Size 5
B0061MHEEG,"Soffe Women's Slick Short, Red, Large",Soffe,Red
B07QFS45C2,"Ann Clark Cookie Cutters 3-Piece Gems and Jewels Cookie Cutter Set with Recipe Booklet, Ring, Gem and Gemstone",Ann Clark Cookie Cutters,Silver
B07DJ5CW51,"Christopher Knight Home Nuna Outdoor Wood Rocking Chairs with Cushions, 2-Pcs Set, Teak Finish",Christopher Knight Home,Teak Finish
B07C7J5SN2,"LeapFrog Leapstart 3D Peppa Pig Playing Together Book, Level 1",LeapFrog,3d Peppa Pig Playing Together
B079YCPFPX,"Carhartt Men's 6 Inch Waterproof Wedge Steel Toe Work Boot, Brown oil tanned, 8",Carhartt,Brown Oil Tanned
B00AF5S5JS,"iDesign Anzu Fabric Shower Curtain Water-Repellent and Mold- and Mildew-Resistant for Master, Guest, Kids', College Dorm Bathroom, 72"" x 72"", Black and Tan",iDesign,Black and Tan
B078B6SBZ3,"USB Type C Charger Cable,15FT Long USB C Cable for Google Pixel 4 XL,Samsung S10 S9 Plus S8, Galaxy Note 10, LG V30, DEEGO Nylon Braided Charging Type C Cord for Nintendo Switch MacBook Wall Charger",DEEGO,White-Black
B0749N5CV9,Ralphie,,
B07F33VR3G,"Unisex Women's Ugly Christmas Sweater Knitted Funny Fairisle Pullover Blue/White, Large",U LOOK UGLY TODAY,A Blue/White
B07N13CXYL,ATIE Legend Platinum Letro Pool Cleaners Wheel Bearing EC60 Replacement Fits for Pentair Kreepy krauly Legend Letro Pool Cleaners (8 Pack),ATIE,
B08LVNVT5R,"236""x17.7""Stone Wallpaper Peel and Stick 3D Brick Wallpaper Faux Brick Self Adhesive Contact Paper Textured Stone Wallpaper Kitchen Backsplash Vinyl Waterproof Decorative Cover Film",Everise,Style C
B0045U82EM,"Sterilite 06218006 Sink Dish Rack Drainer, White",Sterilite,White
B07J5F2DND,"Panda Love With Butterflies Vintage Wall Art Upcycled Dictionary Art Print Poster 8x10 inches, Unframed",Vintage Book Art Co.,
B00DL6YE6Q,"Beaufor Champagne Ardenne White Wine Vinegar, 16.75 Ounce (Pack of 2)",Beaufor,
B07SFJXLYW,"3-in-1 Portable Air Conditioner with Built-in Dehumidifier Function,Fan Mode, Remote Control, Complete Window Mount Exhaust Kit",SereneLife,White
B09465RTLW,"SunnyPoint Faux Marble Jewelry Organizer Resin Tray, Dresser Vanity Tray Dish Ring Cosmetic Organizer for Candle Perfume Soap Shampoo Small Plant Home Decor - (Marble White, 11.75"" X 5.9"" X 1.2"")",SunnyPoint,Marble White
B005LAZJ14,Slither,,
B000IBU07O,"Microflex Diamond Grip MF-300 Disposable Gloves in Latex Multi-Purpose, Powder Free Glove in Natural Rubber for Medical Exam, Cleaning or Mechanic Tasks, White, Size Large, Case of 1000 Units",Ansell,Natural
B07TK54QPG,"Super Soft Extra Plush Plaid Fleece Sheet Set. Cozy, Warm, Durable, Smooth, Breathable Winter Sheets with Plaid Pattern. Dara Collection by Great Bay Home Brand. (Full, Stone Blue)",Great Bay Home,Plaid Stone Blue
B07MJVFZC2,SCIONE School Backpacks for Women Teen Girls with USB Charging Port and Backpack Rain Cover Lightweight Canvas Stripe Backpack Cute Teen Bookpacks Set Bookbags+Insulated Lunch Bag+Pouch 3 in 1,SCIONE,Blue 3 Set
B00DGR7TPS,Vera Bradley Baby Socks in Tutti Frutti (0-12 months),Vera Bradley,Pink
B08SMCX58N,SPANICE Crystal Car Stickers Decorate Sparkling Cars Bling Bling Auto Car Emblem Decal Decoration Interior Accessories (Star),SPANICE,Star
B07GGPTQ9N,JEDFORE Fake Dark Red Apple Simulation Artificial Lifelike Plastic Red Delicious Apples Set Fake Fruit for Home House Kitchen Wedding Party Decoration Photography (8Pcs),JEDFORE,Red
B00946EMMS,Stearns Heads-Up Child Vest,STEARNS,Green/Gray
B07ZZCM9SZ,"Pure Protein Chocolate Protein Shake, 30g Complete Protein, Ready to Drink and Keto-Friendly, Vitamins A, C, D, and E plus Zinc to Support Immune Health, 11oz Bottles, 12 Pack",Pure Protein,Chocolate
B07NWD6J9B,Moultrie Mobile XA7000i Cellular Trail Camera | AT&T Network,Moultrie,White Bark
0310269741,A Reader's Hebrew Bible,Zondervan Academic,Tan
B002AMW0X6,"ECCO Men's New Jersey Slip On, Black, 44 EU (10-10.5 M US)",ECCO,Black
B074CWSS6P,"72"" Green Polyester Table Runner With White Screen Printed Football Field Design",SNS,
B07V8J66L4,"Dog Shirts Clothes, Chol&Vivi Dog Clothes T Shirt Vest Soft and Thin, 2pcs Blank Shirts Clothes Fit for Extra Small Medium Large Extra Large Size Dog Puppy, Large Plus Size, Dark Green and Black",Chol&Vivi,Black And Dark Green
B0796RWMYQ,"SONGMICS 12 Pack Wooden Pants Hangers, Premium Solid Wood with Non-Slip Felt, Hold Pants Tightly, Smooth Finish Wood Skirt Hangers, with 360° Swivel Hook, Natural UCRW007-12",SONGMICS,Natural
B01M3NO041,"CONDA 9""x12"" Double-Sided Hardbound Sketchbook, Heavyweight Hardcover Sketchbook, Spiral Sketch Pad, Durable Acid Free Drawing Paper for Drawing Painting",conda,Black
B07YKS295P,Me & Patsy Kickin' Up Dust: My Friendship with Patsy Cline,,
B01N6NRMV2,"Terrain D.O.G. Nylon Single-Ply Dog Collar, Red, 3/4"" x 17""",Terrain D.O.G.,Red
B01FGGK0TI,"Gaia Herbs Cleanse & Detox Herbal Tea, 16 Tea Bags - Everyday Cleansing & Detoxification, Healthy Liver Function",Gaia Herbs,
B00I1MXGVO,"Male Mannequin, Flexible Posable Bendable Full-Size Soft -Black, by TK Products, Great for Costumes","TK Products, LLC",Black
B086TT9CH7,100 Seeds Ornamental Kale Seeds Nagoya White Flowering Kale - Garden Seeds - TANDURAN10,Utmn,
B07GGP9X78,"BESTOPE Makeup Vanity Mirror with Lights, 2X/3X Magnification, 21 Led Lighted Mirror with Touch Screen,180° Adjustable Rotation,Dual Power Supply,Portable Trifold Mirror",BESTOPE,White
B00A8O8LRC,The Honest Kitchen Human Grade Dehydrated Grain Free Dog Food – Complete Meal or Dog Food Topper – Turkey 10 lb (makes 40 lbs),The Honest Kitchen,
B00KZ1TQJA,"Fender CD-60SCE Dreadnought Acoustic-Electric Guitar - Natural Bundle with Hard Case, Cable, Tuner, Strap, Strings, Picks, Austin Bazaar Instructional DVD, and Polishing Cloth",Fender,Natural
B07C1H3M3Q,Kung Fu Killer II,,
B07D7Q1GGF,"WANDERING TOT Inflatable Foot Rest for Air Travel - Toddler Travel Accessories - Adjustable Height Cushions - Bonus Eye Mask, Ear Plugs & Carrying Bag Travel Accessories for Kids & Adults",WANDERING TOT,Navy Blue
B073ZLLVQ9,"BlackBerry KEYone (64GB, 4GB RAM) BB100-7 - 4G LTE GSM Factory Unlocked DUAL SIM Android International Model (Limited Edition) Black",BlackBerry,Black
B08G5R5LM3,HP V24i FHD Monitor | 23.8-inch Diagonal Full HD Computer Monitor with IPS Panel and 3-Sided Micro Edge Design | Low Blue Light Screen with HDMI and VGA Ports | (9RV15AA#ABA),HP,Black
B07T5M86HP,"Reebok Women's HIIT Training Shoe, White/Black/seaport teal, 5 M US",Reebok,White/Black/Seaport Teal
B00AFN2NKW,Travelers Security Lock - Portable Door Lock - Prevent Entry From The Outside - Rest Assured That Our Lock Will Hold Up To The Toughest Of Tests - Works With All Doors Left Or Right Handed -Made in US,TSL,
B07QC4FTFR,"Amazon Essentials Women's Lightweight Long-Sleeve Mockneck Sweater, Black, Large",Amazon Essentials,Black
B004T86WDI,Gardman R710 Tube Trellis,Gardman,
B07W8KHTGL,"Premier Protein Shake, Café Latte, 30g Protein, 1g Sugar, 24 Vitamins & Minerals, Nutrients to Support Immune Health 11.5 fl oz, 12 Pack",Premier Protein,Café Latte
B01NADDIYL,"Revlon Rubberized Double Grip Black Hair Clips, 6 count",REVLON,Rubberized Black
B07Z8J2324,"Wood Name Sign 8 - 60 inch, Custom Name Wooden Sign, Wedding Sign, Custom Last Name Sign, Baby Name Sign, Name Sign for Boy or Girl, Photo Zone Sign",SofiClock,"Beige, Gold, Silver, Red, Green, Violet, Blue, Black, White"
B01KMGM3LK,"YYCRAFT Women's Halloween Costume Tops Skirt Set with Accessories Belly Dance Performance Outfit-Style B,Yellow",YYCRAFT,Style B-yellow
B07J2Q75GH,"Minnie Mouse Plush Pillow and 40"" Inch x 50"" Inch Throw Blanket - Kids Super Soft 2 Piece Nogginz Set (Official Product)",Jay Franco,Minnie Mouse
B07JWJG459,"16 Oz Empty Plastic Juice Bottles with Lids – 12 Pack Large Square Drink Containers - Great for Storing Homemade Juices, Water, Smoothies, Tea and other beverages - Food Grade BPA Free",DilaBee,
B07RN27HG9,Winter Wonderland Party Theme 4 Count Table Cover,Oojami,Multi
B01AC3ZD06,Nintendo Selects: Super Mario 3D World,Nintendo,
B082Y5QQ56,"3 Pieces Digital Stopwatch Timers 2 Split Memory Handheld Multi-Functional Electronic Sport Stopwatches with 3 Pieces Metal Whistle for Training, Fitness",Hicarer,
B0848R45PF,"tech21 Evo Gem Drop Proof Protective Case for iPhone SE 2020 / iPhone 8 / iPhone 7 / iPhone 6 - Ultra Thin Clear Back, Anti-Scratch - Green - Bulk Packaging",tech21,Green
1630385018,dfree Lifestyle,,
B01M3RV58A,Stinky G Aqua Green Argyle Patterned Sleeveless Dog Pet Sweater Small #10,Stinky G,Aqua Green
B01N7KFV1S,"adidas Men's Dame 4, White/Black/Scarlet, 8 Medium US",adidas,White/Black/Scarlet
B01MG996DM,"Sharpie Oil-Based Paint Marker, Medium Point, White Ink, Pack of 6",SHARPIE,Medium Point/White Ink
B01FH9CWV8,"Clarks Women's Annadel Eirwyn Wedge Sandal, Sand, 8 M US",Clarks,Sand
B000LKZ3GA,"Horizon Organic Shelf-Stable 1% Low Fat Milk Boxes, Chocolate, 144 Fl Oz, Pack of 18",Horizon Organic,
B000C34KU6,Continental 4060905 OE Technology Series Multi-V Belt,Continental,
B075QGM8ZF,"Butterfly Wall Decals, 24 Pcs 3D Butterfly Removable Mural Stickers Wall Stickers Decal Wall Decor for Home and Room Decoration (Purple)",Trubetter,Purple
B06WVGTFBH,"InstallerParts (10 Pack) Ethernet Cable CAT5E Cable UTP Booted 1.5 FT - Blue - Professional Series - 1Gigabit/Sec Network/Internet Cable, 350MHZ",InstallerParts,Blue
B016KDRHVK,"F.d.silk Natural White 100% Pure Silk Chiffon Fabric by The Yard, 48 Colors, Natural White Ch-026",F.D.Silk,Natural White
B07FWPGVWZ,"Nanko Striped Queen Duvet Cover Set, 3 Piece - 1200TC Microfiber Bedding Comforter Quilt Cover Zip Closure, Tie - Modern Style for Men and Women, Grey Blue and White",Nanko,Striped
B08VGGRNZC,Kyerlyn 14K Gold Plated Cubic Zircon Y Lariat Necklaces Long Drop CZ Pendant Y Necklace for Women Dainty Diamond Chain Necklace Fashion Jewelry,Kyerlyn,CZ : Gold
B088C484CF,"PP4U Graduation 18"" x 23"" Laser Cut Yard Sign - Customize with Year, Name and School. Choice of 6 Background Colors (Green)",PP4U,Green
B00NQ91T8E,Scottish Fine Soaps Au Lait Milk Bath Powder 500g 17.6oz,Scottish Fine Soap,
B06XP13HLC,"Fein Corded Universal Magnetic Core Drill with Maximum Drilling Depth 2"" - 3/4"" Straight Shank, 1,100 W, 130-520 RPM - JMU 137-2 QW - 72705861120",Jancy,
B07DLPRQP1,"Tbestmax 40 PCS Disposable Soda Jerk Paper Cap, Chef Hat for Restaurant Party Red",Tbestmax,Red
B0841L1WTZ,CRZ YOGA Women's Brushed Full Zip Hoodie Jacket Sportswear Hooded Workout Track Running Jacket with Zip Pockets Misty Merlot Large,CRZ YOGA,Misty Merlot
0310331757,The Man in the Mirror: Solving the 24 Problems Men Face,Zondervan,
B082SFWD12,"Himawari School Waterproof Backpack 14.9"" College Vintage Travel Bag for Women，14 inch Laptop for Student (HIM-66#)",himawari,Him-66#
B08FCLMQQV,Paul Rich Men's Star Dust Gold Luxury Analog Watch with Second Hand and Japanese Quartz Movement,Paul Rich,Gold
B00294TUQA,"AriZona Arnold Palmer Half Lemonade Half Iced Tea Stix, 10 Count Per Box (Pack of 6), Low Calorie Single Serving Drink Powder Packets, Just Add Water for a Deliciously Refreshing Iced Tea Beverage",Arizona,
B07WCNFWTD,"ejet Remanufactured Ink Cartridge Replacement for HP 63XL 63 XL, High Yield Work with OfficeJet 3830 4650 5255 Envy 4520 4512 4516 Deskjet 1112 3630 3634 3639 3632 2132 Printer (2 Black)",ejet,2 Black 63XL Ink
B01I38835O,"LONSOEN Ballet Slipper Shoes Split-Sole Dance Flat for Girls (Toddler/Little Kid/Big Kid), SHC551 Black, CN25",LONSOEN,Black
1948209950,"Sight Words and Spelling Workbook for Kids Ages 6-8: Learn to Write and Spell Essential Words | Kindergarten Workbook, 1st Grade Workbook and 2nd ... | Reading & Phonics Activities + Worksheets",,
B07K1ZMM2Q,Ocamo SPA Neck Wrap Mask Women Beauty Neck Skin Care Gel Moisturizing Belt Firming Whitening Moisturizing Neck Care,Ocamo,
B07W1PZTR1,"Hi Kiss Check Cord Large,Medium Small Dogs/Puppy Obedience Recall Training Agility Lead - 15ft 30ft 50ft Training Leash - Great for Training, Play, Camping, or Backyard Black 30 Feet",Hi Kiss,Black
B088TRWYBR,Shiyingl Unisex Anti-UV Visor Hat UPF Solar Full Face Plastic Shield Headband Sun Protection Riding Cap,Shiyingl,Black
B072DZRD2L,Crimson Worlds Refugees: The First Trilogy,,
B07J33THJ1,"Vintage Classic Camera Patent Prints, Set of 4 (8x10) Unframed Photos, Wall Art Decor Gifts Under 20 for Home Office Garage Man Cave Studio Lab School College Student Teacher Photography Fan",STARS BY NATURE,Black drawing with beige background
B096SY94QN,"Sleek Space Transparency Film for Inkjet Printers | 100% Clear, Non-waterproof, Anti-curl | High Ink Density, Quick Dry Ink | For OHP, Presentations, Crafts, Labels, Stickers | 170g psm",Sleek Space,CLEAR
B01N8PPY1H,Ailun Car Charger Qualcomm Quick Charge 3.0 Adapter Fast Dual USB Port 35W for iPhone 11 12 Pro Max 12 Mini X Xs XR SE 2020 Galaxy s20+ S20Ultra,Ailun,Black Blue
B01MUA0D2A,Super Mario Odyssey (Nintendo Switch),Nintendo,Standard
B00J5K9N9A,"Boston Simplus Multi-Action Solution, 3.5 Fluid Ounce, 2-Pack",Boston SIMPLUS,
B00V5HX1NK,"uBoxes Shorty Space Saving Wardrobe Moving Boxes (Bundle of 6) 20"" x 20"" x 34"" Moving Boxes",Uboxes,Corrugated
B07JR99KHW,"ANNWAH Dental Orthodontic Mathieu Pliers - Ligature Orthodontic Tool Stainless Steel Needle Holder Dental Pliers for Braces Elastic Ligatures Locking Elastic Placing Plier 16cm (6.3"")",ANNWAH,sliver
B018VCCN6W,"Chanasya Fuzzy Faux Fur Soft Wave Embossed Throw Blanket - Cozy and Warm Lightweight Reversible Sherpa for Couch, Home, Living Room, and Bedroom Décor (50x65 Inches) Teal",Chanasya,Solid-teal
B005467BSO,Thirteen Stories (Harvest Book),,
B07WMGFFN7,"Handy Travel Mini Camera Phone Tripod - 118CM Lightweight Handy Tripods with Remote Control, Bag for Cellphone,Gopro, Mini Camera, DV, Teliscope (Black)",MACTREM,
B07T4LLZY9,Stand-Up Reusable Sandwich Bags (Set of 7) - Reusable Snack Bags For Kids. Premium Reusable Ziplock Bag for Food Storage Reusable Lunch Bags for Women Lunch Baggies Are Freezer Safe,QUALEAP AMBER,3 Zipper Colors
B072Q9ZKPB,Kobalt 14 Piece T-Handle Hex Key Set,Kobalt,
B07T1CKG4K,"ZOSI 5MP Lite H.265+ Home Security Camera System, 8 Channel CCTV DVR Recorder with Hard Drive 2TB and 8 x 1080P(2.0MP) Surveillance Bullet Dome Camera Outdoor Indoor, Remote Access, Motion Detection",ZOSI,8CH-8Cam-2TB
B087RNP28R,BEYOND GOOD AND EVIL,,
B089GYVGVV,"Nanomi Beauty Womens Removable Padded Sports Bras Workout Running Yoga Tank Tops (Pink, Medium)",Nanomi Beauty,Pink
B083FD8GL8,Extra Large Black Gift Bags 16x6x12 Big Size Luxury Matte 10 Pcs Embossed Extra Large Gift Bag with handles XL black Paper Shopping Bags Modern Fancy Elegant For Presents Merchandise Retail Boutique Clothing Wedding Birthday Bridal Baby Shower,MODEENI,Black
B083LTFZNY,"Pencil Pen Bag Case,Ethnic Geometric Composition with Bullseye Circles Triangles and Rhombuses Pattern,Women Makeup Bag Cosmetic Storage Pouch Holder Box Organizer Office Supply",GULTMEE,
B07WFBLQ44,Carter's 1-Piece Sports Poly Footie PJs (18 Months),Carter's,Navy All Sports
B087CPFXSX,"Neck Gaiter,Face Coverings for Men Women, Balaclava Face Mask for Fishing Hiking Running Cycling Motorcycle Ski Snowboard",Guffo,Geometric Gray
B00HMSU4ZE,"Dr Teal's Epsom Salt Bath Soaking Solution, Eucalyptus and Lavender, 2 Count, 3lb Bags - 6lbs Total",Dr Teal's,Eucalyptus and Lavender
B07T9MJSCF,"BingoFit Fitness Tracker Charger, Portable Magnetic Charger with USB Charging Cable Cord for Sport Smart Watch",BingoFit,
B07LB6WDZ1,Sweet Tea 42 10-inch Squares by Sweetwater for Moda Fabrics 5720LC,moda,
B099J118HG,"Yaheetech 43in Aerobic Stepper, 4-6-8in Height-Adjustable Aerobic Exercise Step Platform Health Club Size w/Risers & Non-Slip Surface & Non-Marking Feet for Home Gym Workout & Training",Yaheetech,black & gray
B01M5CG5Q1,"NutriChef Upgraded Gummy Maker Includes 4 Molds, Shaped Candy Reusable, Dishwasher Safe, Electric Plug, Perfect for Party Favors for Kids, Snacks, 110V AC (PKGCM14)",NutriChef,
0064400050,"By the Shores of Silver Lake (Little House, 5)",Harpercollins,Blue
B087JPV7LX,"Govee Smart Car Lights, APP Control LED Interior Light, Music Sync Car LED Lights with 7 Scene Modes and 16 Million Colors, 2 Lines Design RGB Under Dash Car Lighting with Car Charger, DC 12V",Govee,
1565238192,"Pyrography Patterns: Basic Techniques and 30 Wildlife Designs for Woodburning (Fox Chapel Publishing) Large, Ready-to-Use Patterns, Both Line and Tonal, plus Tips & Advice from Artist Sue Walters",Fox Chapel Publishing,
B0136IKJI0,"Spenco Men's Thrust Slide Sandal, Black, 9M Medium US",Spenco,Black
1416912533,Scream for Ice Cream (Nancy Drew and the Clue Crew #2),Aladdin,
B01LW94E48,Rancho RS5000X Gas Shock Set 2001-2010 for Chevrolet Silverado 2500 HD,Rancho,White
B09GXN32XH,"BTS Birthday Party Supplies,BTS Happy Birthday Banner Cake Topper Party Balloons for Kids Birthday Party Favor Decorations",HONGFENG,
B0848XMRVK,"Youngever 6 Pack Empty Plastic Spray Bottles, Spray Bottles for Hair and Cleaning Solutions (12 Ounce)",Youngever,
B0982CDN18,Action Camera 4K 60FPS AC940 8M Bare Machine Waterproof 20MP Sports Camera with Touch Screen Vlog Camera EIS Remote Control 131 Feet Underwater Camcorder with 1350mAh Batteries and Accessories,Govic,
B07GTFQX2N,"Carter's Boys' Rashguard, Pirates, 4T",Carter's,Pirates
B002VXMTOO,Pokemon Platinum Arceus Lv. 100 DP50 Promo Card [Toy],Pokemon,
B091XY1366,"Time Forest Heavy Duty Curtain Rods for Windows 48 to 84 Inch,Modern Design,Black",Time Forest,Black
B01IE343PM,GoSports Agility Training Sport Cone 20 Pack with Tote Bag - Low Profile Field Markers for Kids and Adults,GoSports,
B001167VIQ,"T-fal Signature Nonstick Dishwasher Safe Cookware Set, 12-Piece, Black",T-fal,Black
B078NFYSF3,Neon Sign,,
B0828G8JWB,"Luxiv Aquarium Aquascape Tools Kit, 6 in 1 A Aquatic Plant Aquascaping Tool Stainless Steel Tweezers Scissors Spatula for Aquarium Tank Clean Aquascape Tools with Fishing Net, 80P PH Paper",Luxiv,silver
B07VXXBC6T,"Fox Racing Defend 2-in-1 Winter Short - Men's Green Camo, L",Fox Racing,
B07K2XWJB1,"Highwild Steel Target Stand AR500 Shooting Target System (Stand, Mounting Kits & 6""+8""+12"" Gongs)",Highwild,F- Complete Shooting Target System 46
B07X6KGBH5,"Amish Country Popcorn - 10 (1 Lb Bag) Variety Gift Set Bundle (Red, Blue, Medium White, Midnight Blue, Purple, Ladyfinger, Baby White, Rainbow, Medium Yellow, and Mushroom)",Amish Country Popcorn,
B074Q68ZH5,"Foustman's Artisanal Pepperoni, Nitrate-Free, Naturally Cured",Foustman's,
B07229DDK2,"Lacoste Men's Short Sleeve Paris Polo Shirt, Red, S",Lacoste,Red
B07YL88NM8,Nickelodeon 90s Rugrats socks with Rockos Modern Life Ren And Stimpy Real Monsters Hey Arnold and Reptar 6 pack Ankle Socks.,Bioworld,Multicolor
B07VZDVFBV,Van Ness 1-Cup Food Scoop (Pack of 3),Van Ness,
B01D0HIIJE,"4.5"" x 7/8"" Premium High Density Jumbo Zirconia Type 29 Flap Disc 60 Grit - 10 Pack",Benchmark Abrasives,
B087HBG615,"Powdered Whole Eggs, 2 LBS (32oz), BEST PRICES AND FRESHEST EGGS! Made in the USA, Makes 70 Large Eggs, 1 INGREDIENT - EGGS! FARM FRESH FROM IOWA, RESEALABLE POUCH",Cinnamonster,
B0893WV22S,"Renohef USB Led Strip Lights,DC 5V SMD 3528 16.4ft(5m) 300 LEDs 60leds/m Warm White Led Strips with USB Cable,TV Desktop Laptop Backlight,Kitchen Decorative Lighting-Non Waterproof",Renohef,Warm White
B07MXS6H3T,"Lenovo ThinkPad X1 Extreme Laptop, 15.6” 4K UHD HDR (3840 x 2160) Touchscreen, 8th Gen Intel Core i7-8850H 6 core, 32GB DDR4, 1TB Solid State Drive, Windows 10 Pro (Renewed)",Lenovo,
B07FFGPS47,Mansions of Madness Horrific Journeys Board Game Expansion | Horror Game | Mystery Board Game for Teens and Adults | Ages 14+ | 1-5 Players | Average Playtime 2-3 Hours | Made by Fantasy Flight Games,Fantasy Flight Games,
B07N3JPYXV,"Amazon Essentials Men's Slim-Fit Plaid Long-Sleeve Pocket Oxford Shirt, Red Windowpane, Medium",Amazon Essentials,"Red, Windowpane"
B00A7793F4,"Yellow Mountain Imports Regulation Tournament Roll-Up Staunton Chess Game Set (19.75-Inch) with Travel Bag, 2 Extra Queens, and Weighted Chessmen - Green",Yellow Mountain Imports,Green
B01N29LARJ,"MyChelle Dermaceuticals Sun Shield Liquid SPF 50 Medium/Dark, 1 Fl Oz",MyChelle Dermaceuticals,"SPF 50, Medium/Dark"
B0825L4NDH,Central Perk Pub Photo Backdrop Supplies Sofa Coffee Shop Photography Backdrop Friends Photo Booths Studio Props Video TV Show Background Red Rustic Brick Wall Vinyl 5x3ft Decorations Banner,MengGeGe,
B07H1J6FD3,Accidental Princess: A Royal Bad Boy Romance (Hidden Kingdom Book 1),,
B07DYFSM8C,"Anthony's Organic Espresso Baking Powder, 5 oz, Gluten Free, Non GMO, Enhances Chocolate Flavor",Anthony's Goods,
B07HGYRBXK,MKING 4 Gang / 6 Gang Car Marine Boat Circuit RV LED Toggle Rocker Switch Panel Breaker Voltmeter with Fuse Double USB for RV Car Boat Blue/Red/Green Light,MKING,
B081WMJ2ZZ,Vintage Bookshelf Tapestry Wall Hanging - Study Room Picture Art Tapestry Retro Bookshelf Wall Art Library Bohemian Hippie Wall Tapestries Bedroom College Dorm Decor XGXL,Kanora,Book
B01M68GOTW,Arena Carbonite II MaxLife Challenge Back Female Black/Black 32,Arena,Black/Black
B07Q2G3RJ4,"Choose Your Weapon Dice Shirt (XXXL, Premium/Tri-Blend Navy)",Shirtasaurus,Premium / Tri-blend Navy
B07YLV4GGY,"Lexicon Swivel Dining Stool (Set of 2), 18"" SH, Gray",Lexicon,Grey
B098SPDMZL,"6 Pieces Hero Honeycomb Centerpieces Hero Themed Party Decoration Hero Table Centerpieces 3D Hero Table Topper Paper Large Hero Word Centerpieces for Hero Theme Party Decorations, 7.5 x 7.8 Inches",Skylety,
B07PR6S7T2,"Nike EV1208-001 Windfall Sunglasses Matte Black Frame Color, Dark Grey Lens Tint",Nike,Matte Black
B079QL8J8Z,"Amazon Brand – Stone & Beam Rustic Plaid Flannel Pillowcase Set, Standard, Ivory and Cream",Stone & Beam,Ivory & Cream
B01NBEGK71,Funny Christmas Mug Son of a Nutcracker,High Road,White
B077SF47H9,Woodland Trail Forest Animal Theme Digital Musical Crib Mobile,The Peanut Shell,Multi
B089GQS4JV,"Tempcore Large Dog Bed (M/L/XL) for Small, Medium, Large Dogs Up to 50/80/110lbs -Waterproof Dog Bed with Removable Washable Cover - Orthopedic Egg Crate Foam Water Resistant Pet Mat",Tempcore,Grey-Polyline
B07NDJQ1XN,Jay Franco Marvel Decorative Pillow Cover Black Panther - Brown,Jay Franco,Black Panther Icon
B07V67QY4C,545 Diamond Cutting Wheel (22mm) 25pcs with 402 Mandrel (3mm) 5pcs and Screwdriver for Rotary Tool,ALLmuis c i y,
B0893YX811,Taito Re: Zero -Starting Life in Another World-: Rem Precious Figure (Magician Version),Taito,
B07V6NJ37P,"Electop SAE Power Socket Sidewall Port, Weatherproof SAE Quick Connect Solar Panel Mount Universal Flush-Mountable Connector, 12AWG SAE Cable with 8 Screws for Solar Generator Battery Charger (2 Pack)",ELECTOP,
B00GOEZRQS,Louisville Slugger Black Flame Pitching Machine,Louisville Slugger,Black
B07BMJPPXV,Clue Game,Hasbro Gaming,Multicolor
B081GGM6VP,"iFace x Pusheen Licensed Series Universal Smartphone Ring Holder Accessory for Girls/Women - Cute Stick-On Phone Attachment for iPhone, Samsung Galaxy, etc. - Pusheen and Stormy Holding Balloons",iFace,Pusheen and Stormy Holding Balloons
B0875NF3CB,"T3 Micro T3 - SoftTouch 3 Diffuser | Volumizing Hair Diffuser for Curl Defining and Hair Styling | Anti-Frizz for Smooth and Shiny Curls, For T3 Featherweight 3i Dryer, 1 Count.",T3 Micro,white
B06X18SCYM,"Vivaplex, 24, Green, 15 ml (1/2 oz) Glass Bottles, with Glass Eye Droppers",Vivaplex,Green
B00CLS7OWQ,"Seashell Beach House Nautical Full / Queen Quilt, Shams & Toss Pillows (6 Piece Bedding)",Nautical,"Blue, White"
B07FMMLGMD,"Skechers Women's You Define-Passion Sneaker, Taupe, 9 M US",Skechers,Taupe
B082J4QMFM,JOYIN 28 Pack Valentines Day Gifts Cards for Kids with Funny Googly Eyes Toys Valentine Classroom Exchange Cards and Valentine's Party Favor,JOYIN,
B07GZ1K5TF,PengTribe Medium Half Facepiece Reusable Respirator 7502/37082(AAD) Respiratory Protection (1 Pack),PengTribe,
B07J2HW393,"Amazon Brand - Goodthreads Men's Slim-Fit Stretch Twill Blazer, Black, Large",Goodthreads,Black
B072PC59HW,Blue Shabby Chic Jenga Guest Book Personalized Wedding Sign,The Card Zoo,
B06W54LLXW,"DHP Emily Rectangular Storage Ottoman, Grey Linen",DHP,Grey Linen
B0854DQ556,"Christmas Outdoor Waterproof Ribbon Poly Satin Ribbon Floral Craft Decoration Aspidistra Ti Leaf Pattern Ribbon Christmas Holiday Outdoor Decorating (Red, 30 Yards Long)",Syhood,Red
B00DW3EAJ4,"Gummygoods Squeezable Nursery Night Light - Portable & Cordless, Stocking Stuffer, Gift for Kids, Babies, Toddlers, Pink",Gummygoods,Pink
B007VZ2PHI,"DuPont WFPTC102 High Protection Universal Pitcher Cartridge, 2-Pack , White",DuPont,White
B08G8TW9NT,"Diamond Painting Kits for Adults,Witches and Pumpkins in Halloween,Suitable for Beginners to Complete The Home Wall Decoration, Decompression Crafts.（Canvas Size: 11.8 x 11.8 in）",LWZAYS,
B07L1PB5MH,"Carter's Girl's Ash Sneaker, Grey, 9 Toddler",Carter's,Grey
B07JHPSR5Q,"MuscleMate UltraHot Men's See-Through Thong G-String Underwear, Men's Hot T-Back Thong G-String Undie, No Visible Lines. (M, Blue)",MuscleMate,Blue
B01N66CQGG,Reese's Peanut Butter Cups (36 ct.),Europe Standard,
B07NC25Q4X,SAMSUNG Original Galaxy S10+ Protective Slim Textured Standing Cover/Case - Silver,Samsung Electronics,Silver
B00KQE5NCU,Power Outlet 30amp R32u Con Pk,GE CONSUMER & INDUSTRIAL,Gray
B0198A7WGW,"Boston International - BID176 Boston International Arch Design Guest Towel Napkin Holder Caddy, 9 x 5.25-Inches, Matte Gold",Boston International,Matte Gold
B00LEWZOJ0,"Columbia Boys Glennaker Rain Jacket, Hyper Blue, Medium",Columbia,Hyper Blue
B00P7P9WSY,Farmland,,
B08L4P154N,"Somdot Over The Sink Dish Drying Rack, 2-Tier Dish Rack Width Adjustable Dish Drainer for Kitchen Organization Storage Shelf Utensils Holder for Countertop (Sink Size ≤ 39.4 inch, Black)",Somdot,Black
B01IRR9SYQ,"National Tree Company Pre-Lit 'Feel Real' Artificial Full Downswept Christmas Tree, Green, Douglas Fir, Dual Color LED Lights, Includes PowerConnect and Stand, 7.5 Feet",National Tree Company,
B0014GKA86,"DEWALT Corded Drill, 8.0-Amp, 3/8-Inch, Variable Speed Reversible, Mid-Handle Grip (DWD115K )",DEWALT,Yellow
B07DGW9GFG,"NORTHWEST NBA Oklahoma City Thunder ""Lightning"" Sports Backpack, 16.5"" x 5.5"" x 12"", Lightning",The Northwest Company,Lightning
B078SQPFGM,"Driveline PlyoCare Balls: Youth 9-13, Set of 5",Driveline Baseball,"Youth 9-13, Set of 5"
B072R3177B,Christmas Dresses for Women Vintage Cocktail Short 1950s Retro Party Swing Dresses Red L,Bbonlinedress,001red
B01CFB6XD4,Sesame Street: The Cookie Thief,,
B082F3SCZT,"Vibrating Male Masturbator, Handhold Men Masturbation Penis Vibrator with 10 Modes for Glans Ejaculation, Allovers Adjustable Size Male Vibrator Sex Toy for Improving Men’s Sexual Stamina.",Allovers,
B01AX1EM72,1 Roll 4x4 Fragile Special Handling Shipping Mailing Stickers with 500 Labels per roll,Labels and More,
B095H7Y44D,"TREATOI, Automatic Treat Ball Dispenser, Automatic Dog Toy Dispenser, Automatic Cat Slow Feeder",ROICO,
B07B21QQ24,Burzum 'Anthology' Long Sleeve Shirt (medium),Burzum Merch,
B077SQ5DD7,"ADOME Women Sexy Lingerie Lace Teddy Babydoll Bustier Set Garter Belts Bodysuit,Style 1-black,Large",ADOME,
B07VCPZH26,"meritcase iPhone 6 Plus/6s Plus Case, IP68 Certified Waterproof Shockproof Dustproof Snowproof Full Body Protective Underwater Cover with Built in Screen Protector for iPhone 6 Plus/6S Plus",meritcase,Black/Clear
B07PZ1P626,Kate Spade New York Rainbow Cloud Patch Phone Case for iPhone Xs Multi One Size,Kate Spade New York,Multi
B07N3ZWPDT,"Besthouse 2 Pcs Heavy Duty Porch Swing Springs, 300 LB Capacity, Safety Guarantee, Free-standing Swings, Hammocks and Hammock Chairs, Swing Sets, 8"" Length",BeneLabel,
B01GWFJFMK,"Amerimax B Elbow 75 Degree 3"" X 4"" Aluminum White",Amerimax Home Products,White
B09CZDVTYJ,"BLESS LINEN Frontless Bra for Women Push Up Frontless Backless Strapless Bra Kit Wire Invisible Plunge Bra Kit, Beige",BLESS LINEN,
B07G9NN2KF,Elite Fan Shop Auburn Tigers Womens Vneck Tshirt Navy - Large,Elite Fan Shop,Auburn Tigers Navy
B01MTXF8OE,Amazon Gift Card - Print - Enjoy Your Retirement,Amazon,
B07T4SSWJ5,Womens Baseball Cap Distressed Vintage Unconstructed Embroidered Dad Hat (Jp Hair Do'nt Care H. Pink),GoCowgirl,
B0096985HQ,Cardone Industries 19-1080 Disc Brake Caliper,Cardone,
B08WSZX6XN,Black Jelly Beans - Jelly Bird Eggs - 2 Bags,Brach,Black
B0749J3RRT,Keurig K-Compact Single Serve Coffee Maker,Keurig,black
B00JRGQSPY,18 Years Old Traditional Style Balsamic Vinegar (500ML) Includes 1-Bottle Pourer,Alidoro,
B08DG71WDB,"Carnivorous Plant Soil Mix, 8 Quart Re-Pot 8-10 Small Plants Size Bag, All Natural Ingredients, Great Soil for Venus Fly Traps, Sundews, and Pitcher Plants (8QTs)",Rio Hamza Trading,
B07K39DMJF,"Prep Basics 4-Week 1-Person | Emergency Food Supply | 1,502 Calories Per Day | 38 Grams Protein Per Day | Up to 30 Year Shelf Life | 27 Sealed Pouches",Prep Basics,
B07F21N7TN,"ZEUS 3-Pack Handmade Saw-Cut Mustache Comb, Fined Toothed, Durable Cellulose, Hand Polished, Pocket Comb & Beard Comb for Mustache and Beard - Tortoiseshell",ZEUS,
B01BF6UWTQ,"Neutrogena Healthy Skin Anti-Aging Perfector Tinted Facial Moisturizer and Retinol Treatment with Broad Spectrum SPF 20 Sunscreen with Titanium Dioxide, 30 Light to Neutral, 1 fl. oz",Neutrogena,30 Light To Neutral
B07PQFT83F,Disney Buzz Lightyear Interactive Talking Action Figure - 12 Inches,Disney,Multicoloured
B079795VM5,"NAT Leathers | Mid Brown Tan Lodiz Soft Faux Vegan Leather PU {Peta Approved Vegan} | 1 Yard (36 inch x 54 inch Wide) Cut by Yard | Synthetic Pleather Nappa 0.9 mm Smooth Upholstery | 36""x54""",NAT LEATHERS,Mid Brown
B07K5BS6D7,"Champion Men's Reverse Weave Pullover Hoodie All-Over Print, multi scale script/oxford grey, Large",Champion,Multi Scale Script Oxford Grey
B01I0IGFKC,"Amazon 9W Official OEM USB Charger and Power Adapter for Fire Tablets, Kindle eReaders, and Echo Dot",Amazon,
B084QBLVZX,"Jetson Element Pro Electric Scooter, Black - Lightweight and Foldable Frame, Travel up to 10 miles, Reach Speeds up to 15 mph, 235 lbs Weight Limit",Jetson,Black
B01J24H87C,Amazon Basics Carry-On Travel Backpack - Navy Blue,Amazon Basics,Navy
B00T3C8NBE,"Easy-Off Fume Free Oven Cleaner, Lemon 14.5 oz Can",Easy Off,
B07VF3V52Y,"Ceiling Fan Remote Control Kit, Small Size Universal Ceiling Fans Light Remote, Speed, Light & Timing 3 in 1 Wireless Control, for Harbor Breeze Hunter Hampton Bay Lichler Ceiling Fans Remote",LPHUMEX,White
B08DNTJ41W,Daci Women Plus Size One Piece Swimsuits Tummy Control Black Vintage Ruched Bathing Suits Retro Swimwear 18 Plus,Daci,Black
B07K2T5X3T,"ONIKUMA Gaming Headset-PS4 Headset with Mic, 7.1 Surround Sound & RGB LED Light Xbox One Headset,Gaming headphones PC Headset with Noise Canceling for PS4, PC, Mac, Xbox One (Adapter Not Included)",ONIKUMA,Breathing RGB
B07CZZWQTK,"Nanxson Women Cotton Linen Bib Apron Cross Back Work Apron for Cooking,Baking,Crafting,Flower Arrangement CF3046 (linen, one size)",Nanxson,Linen
B082Q9YPV2,"Diapers Size 2, 120 Count - Pampers Pure Protection Disposable Baby Diapers, Hypoallergenic and Unscented Protection, Enormous Pack (Packaging & Prints May Vary)",Pampers,Pure Protection
B01MXUWMED,GC GHOST CONTROLS TDS2XP Heavy-Duty Solar Dual Automatic Gate Opener Kit for Swing Gates Up to 20 Feet (ft.),GC GHOST CONTROLS,Black
B07WV934DM,VIVOHOME 3 in 1 Makeup Rolling Train Case Aluminum Trolley Professional Cosmetic Organizer Box with Shoulder Straps 2 Keys Black(Cosmetic are not included),VIVOHOME,Black
B072Q5RR8H,Gelante Plain Blank Baseball Caps Adjustable Back Strap Wholesale LOT 12 Pack- 001-Royal,Gelante,Royal
B098T1XLH7,"17oz Sports White Water Bottle, Keep Cold Hot Leak Proof, Stainless Steel Insulated Vacuum Flask, Hiking Camping Sports Double Wall Powder Coating Skinny Water Bottle For School,Coffee Trave Mug (white, 17oz)",OUTAI,white
B07MYWLXD8,"SaltStick Vitassium, Buffered Electrolyte Supplement Salt Capsules, SaltSticks with Electrolytes for Sodium & Potassium Replenishment, 100 Capsules",SaltStick,
B07WZH6LSB,"Netko White 8 Oz Paper Cups - Disposable Coffee Cups | Beverage Drinking Paper Glass for Water, Juice, Tea 300 Pack",Miputa,White
B07BNGD9TC,Set of 12 Fuzzy Furry Artificial Rabbit Fur Scrunchies Faux Fur Hair Band Rope Hair Holder Wristband Hair Ring Hair Tie Ponytail Holder Hair Accessories (Popular Mix Colors),SUSULU,Popular Mix Colors
